,ApEn_force_d,SampEnt_force_d,mean_force,SD_force,CV_force,rms_force,media0a1_power_force,media1a4_power_force,media4a8_power_force,media8a16_power_force,media0a1_Npower_force,media1a4_Npower_force,media4a8_Npower_force,media8a16_Npower_force,ApEn_force_d_NF,SampEnt_force_d_NF,mean_force_NF,SD_force_NF,CV_force_NF,rms_force_NF,media0a1_power_force_NF,media1a4_power_force_NF,media4a8_power_force_NF,media8a16_power_force_NF,media0a1_Npower_force_NF,media1a4_Npower_force_NF,media4a8_Npower_force_NF,media8a16_Npower_force_NF,Classification
0,0.59428,0.5157200000000001,18.41411,1.32187,7.446860000000001,1.2477399999999998,0.29696,0.21782999999999997,0.027129999999999998,0.0054600000000000004,76.74962000000001,24.82572,2.03978,1.49065,0.68335,0.6341,18.92973,0.87091,4.5845,0.86069,0.14901,0.04427,0.0054800000000000005,0.0051400000000000005,81.6147,14.496949999999998,2.22697,1.96911,0
1,0.49666999999999994,0.40982,41.50274,1.1963599999999999,2.8976100000000002,1.15318,0.18880999999999998,0.033710000000000004,0.00307,0.002,88.71753,11.35261,1.18171,0.8246100000000001,0.47485999999999995,0.40786999999999995,40.675959999999996,0.9320599999999999,2.2831099999999998,2.2089399999999997,0.21638000000000002,0.0193,0.0023899999999999998,0.0018100000000000002,91.18817,6.29955,0.9178200000000001,0.71968,0
2,0.60541,0.5645100000000001,70.47398000000001,1.149,1.63294,1.3151,0.28857,0.06706999999999999,0.0064,0.00478,83.45626,15.9672,1.46224,1.0849600000000001,0.72506,0.6997500000000001,68.41905,0.92926,1.3552899999999999,2.6274,0.22603999999999996,0.08310999999999999,0.00853,0.00781,76.80091,21.00179,1.9389600000000002,1.93791,0
3,0.62566,0.44325000000000003,20.2147,0.43357,2.16209,0.4234,0.05842000000000001,0.00896,0.00159,0.00104,82.76019,7.760599999999999,4.59228,2.85197,0.7772,0.65096,19.11679,0.26239,1.36916,0.69013,0.0131,0.00377,0.0031,0.0009299999999999999,72.05424000000001,12.45599,9.905289999999999,3.2109900000000002,1
4,0.45292000000000004,0.31431,18.70161,1.18623,6.69576,1.3487900000000002,0.46916,0.07186000000000001,0.00255,0.00198,84.72617,13.845130000000001,1.52885,2.27968,0.58915,0.41906999999999994,18.66033,0.38235,2.10163,0.85674,0.027490000000000004,0.0030800000000000003,0.0006000000000000001,0.00126,76.27759,15.39179,3.26989,7.25312,0
5,0.38851,0.31162,26.556549999999998,2.80791,10.19883,1.99468,2.55431,0.65761,0.026860000000000002,0.00414,85.93551,14.59918,0.91565,0.19768999999999998,0.19562,0.15739,27.04939,2.20352,7.84904,2.97847,2.11506,0.34236999999999995,0.01422,0.0026,85.45905,8.919599999999999,0.9191499999999999,0.21679999999999996,1
6,0.67725,0.5514,20.01059,0.8859600000000001,4.08655,1.02549,0.71544,0.07785,0.0019,0.00246,87.82596,9.10923,1.68467,3.09045,0.7507400000000001,0.60399,19.88914,0.38312,1.93076,0.67476,0.03381,0.004370000000000001,0.0010700000000000002,0.0018,83.40414,9.77417,2.34117,3.93031,0
7,0.49427000000000004,0.37621000000000004,26.411880000000004,0.9459299999999999,3.5777099999999997,0.94633,0.23815,0.05619,0.0018599999999999999,0.0017100000000000001,89.17127,12.23763,0.91518,0.7301300000000001,0.53559,0.45566000000000006,25.715960000000003,0.68637,2.64059,1.7478799999999999,0.10055,0.009420000000000001,0.0015400000000000001,0.0012000000000000001,88.36436,8.21036,1.5264900000000001,0.9768800000000001,0
8,0.53366,0.41413,23.24709,0.91564,3.97072,0.88247,0.17573,0.03819,0.00279,0.00202,90.20313,11.120949999999999,1.07783,1.05769,0.64975,0.48703,23.01772,0.45153,1.89837,1.18754,0.07746,0.00437,0.00109,0.0012000000000000001,87.99438,6.9206199999999995,1.9868700000000001,2.3706199999999997,0
9,0.16715,0.11151,31.274160000000002,9.164719999999999,26.74932,8.261,27.69332,1.14192,0.06443,0.04469,88.17332999999999,2.68626,0.319,0.26313,0.6897800000000001,0.6156200000000001,30.758409999999998,0.75842,2.60868,2.12179,0.19658,0.030059999999999996,0.00543,0.00275,87.5789,9.72658,1.60471,0.90933,1
10,0.48307,0.36443,16.142599999999998,1.12277,7.25805,0.98781,0.7704600000000001,0.10495999999999998,0.00277,0.00206,88.5232,12.16712,0.80388,1.01219,0.66648,0.5321100000000001,14.84195,0.45640000000000003,3.1194100000000002,1.57478,0.05584,0.00958,0.00112,0.00129,86.35951,10.91608,1.35678,1.55264,0
11,0.5809599999999999,0.5082099999999999,39.64092,1.5120099999999999,3.82209,0.96958,0.4029,0.24020999999999998,0.01091,0.00572,75.89615,26.99773,1.4382,0.73736,0.48362999999999995,0.41375,38.804590000000005,1.30203,3.34272,2.4081599999999996,0.46688,0.05058,0.00572,0.00417,91.48999,6.91812,0.86114,0.57205,0
12,0.6120300000000001,0.5326000000000001,21.966160000000002,1.15648,5.70385,1.1154,0.33566,0.13342,0.0031,0.00263,84.85027,17.63559,0.92696,1.0734299999999999,0.56376,0.48122,20.92325,1.1479599999999999,5.53617,1.74601,0.38226,0.03338,0.0037600000000000003,0.0034799999999999996,86.89328,10.61084,1.26814,1.07772,0
13,0.64764,0.53947,11.25748,1.21363,11.73087,1.1957200000000001,0.8931100000000001,0.09774999999999999,0.036460000000000006,0.00834,80.18946,14.125290000000001,5.77652,1.734,0.6974400000000001,0.6169399999999999,10.28403,0.53096,5.4309899999999995,1.80381,0.10698,0.00521,0.00324,0.00126,78.5754,9.8373,8.27863,3.3219299999999996,0
14,0.65489,0.50817,28.48293,0.75984,2.6772400000000003,0.6083000000000001,0.10417000000000001,0.03383,0.00505,0.0020399999999999997,83.95312,15.041730000000001,2.2582999999999998,1.37896,0.79,0.66132,28.356900000000003,0.48158,1.69737,0.9027799999999999,0.0533,0.01517,0.0036200000000000004,0.00241,81.44923,14.03715,3.06428,2.23835,0
15,0.20651000000000003,0.13774,57.05715,6.31593,9.80302,7.271980000000001,12.641319999999999,0.25842,0.04095,0.0259,86.53166,3.59914,0.37914,0.39768,0.57911,0.49855,53.309900000000006,0.92103,1.7332699999999999,2.3541800000000004,0.28667000000000004,0.01966,0.00332,0.0033300000000000005,84.21553,7.808069999999999,1.3296800000000002,1.1883700000000001,1
16,0.5862125,0.4339125,22.395475,0.594525,2.6594125,0.5835375,0.0763375,0.013149999999999998,0.0015249999999999999,0.0005375,86.4496375,9.2889625,1.3627125,0.5729,0.427125,0.3560625,24.179625,0.33571249999999997,1.3875375,1.303125,0.029125,0.0070625,0.0009625,0.00039999999999999996,82.347525,13.8392875,1.9982125,0.9058875,1
17,0.4475777777777778,0.32835555555555557,31.92523333333333,1.5200555555555555,4.574333333333333,1.0784111111111112,0.9697888888888888,0.16085555555555556,0.02108888888888889,0.004644444444444445,86.246,13.241733333333334,2.4659333333333335,0.6069555555555556,0.3456444444444445,0.2887111111111111,32.13958888888889,1.0634666666666668,3.7421333333333333,1.6190444444444443,0.3496222222222223,0.036500000000000005,0.016455555555555557,0.0024444444444444444,86.90383333333334,7.238844444444445,3.1329111111111114,0.4676444444444445,1
18,0.081825,0.058225,13.3676875,7.0636375,55.54725,7.3980875,18.2034125,0.8656625,0.0268125,0.0091,93.688225,2.479675,0.1408,0.0282125,0.1053875,0.07825,17.10635,5.4698625000000005,33.9083125,5.1781375,13.1159375,0.5213,0.011362500000000001,0.004699999999999999,93.6215125,5.1525625,0.3550375,0.05655,1
19,0.36541,0.20475,14.36812,1.55778,8.867160000000002,3.7124200000000003,1.47892,0.045540000000000004,0.01091,0.0019099999999999998,83.74316999999999,9.44814,1.95999,1.32386,0.45042,0.33525,15.21849,0.4223,2.77553,2.6256999999999997,0.05106000000000001,0.0058200000000000005,0.00165,0.00074,79.16902,11.55621,3.48624,1.90932,1
20,0.6052,0.50841,36.07918,2.7242699999999997,7.539149999999999,1.95455,1.10433,0.9563499999999999,0.09169000000000001,0.02827,71.02146,32.1555,3.3263100000000003,1.11378,0.63461,0.57232,33.79761,1.03745,3.08562,2.77899,0.18166,0.05334,0.0088,0.0050999999999999995,78.83633999999999,17.223580000000002,2.79319,1.7218399999999998,0
21,0.39117999999999997,0.32086000000000003,54.70536,2.6277,4.76723,2.03227,1.33408,0.51144,0.01569,0.006070000000000001,84.14874999999999,19.94143,0.87131,0.39216,0.39887,0.34469,52.06579000000001,1.7206,3.4038600000000003,3.8075400000000004,0.9336800000000001,0.06948,0.00614,0.00434,92.43659,6.07554,0.5389999999999999,0.369,0
22,0.5485142857142857,0.46831428571428574,66.91132857142857,1.8875428571428572,2.822057142857143,1.1580142857142857,0.6891714285714287,0.1372142857142857,0.014857142857142859,0.009300000000000001,85.82685714285715,11.136971428571428,1.4497,0.821342857142857,0.5766571428571429,0.5245714285714286,67.48922857142857,1.7546714285714287,2.591542857142857,2.1046285714285715,1.2923714285714285,0.1524142857142857,0.024342857142857142,0.0105,86.34827142857144,9.749871428571428,2.0675,0.6556142857142857,1
23,0.56412,0.34337999999999996,40.57056,0.49881000000000003,1.22911,0.4889,0.06396,0.00967,0.00145,0.00075,86.21438,9.88193,1.46347,0.78817,0.42491,0.3417,38.837959999999995,0.47414000000000006,1.22489,1.4176300000000002,0.06405999999999999,0.01681,0.00307,0.00132,77.01358,16.544639999999998,2.8649899999999997,1.2126000000000001,1
24,0.58458,0.47590000000000005,18.99754,2.90468,15.55798,3.5785199999999997,2.4311599999999998,0.69348,0.27872,0.03764,83.34421999999999,12.718900000000001,4.272419999999999,0.73378,0.59048,0.50098,15.27414,1.28342,8.26858,5.2482999999999995,0.73078,0.10038,0.027639999999999998,0.00564,84.59318,9.56058,3.4394400000000003,0.8081799999999999,1
25,0.41448,0.28388,20.2854,1.01035,4.88237,1.04233,0.6025600000000001,0.06093,0.00751,0.0015899999999999998,92.44941,5.597589999999999,0.71136,0.3176,0.34056000000000003,0.28166,18.51455,0.39768,2.11036,1.70505,0.0405,0.00315,0.00067,0.00045,86.31997,5.86096,1.59347,1.11623,1
26,0.4784625,0.3029625,33.299437499999996,1.833825,5.5240125,1.692675,0.6493875,0.312125,0.257675,0.0092125,71.5259375,15.0692625,11.97275,0.489875,0.5383375,0.490925,32.4840625,2.2298999999999998,6.8904625,2.452475,1.0332,0.4962125,0.48725,0.0118,65.0440125,17.203425,18.4042,0.5345125,1
27,0.4793,0.39587,33.2945,1.52569,4.59291,1.12896,0.41292999999999996,0.28939,0.0153,0.00321,78.98066,26.101999999999997,1.3147199999999999,0.40332,0.47400000000000003,0.38827,32.75082,1.90938,6.03002,2.64384,1.5190000000000001,0.09242,0.00964,0.00553,87.09709000000001,10.808629999999999,1.24278,0.6131,0
28,0.6360333333333333,0.5230833333333333,34.38588333333333,1.19055,3.254466666666667,1.9317666666666666,0.37706666666666666,0.05153333333333333,0.006116666666666666,0.002333333333333333,86.20098333333334,8.691333333333334,2.2555333333333336,0.8827833333333333,0.6751833333333334,0.5934166666666666,30.83028333333333,0.64945,2.117033333333333,2.3500833333333335,0.1108,0.02061666666666667,0.004483333333333333,0.0014999999999999998,83.79371666666667,10.510366666666666,2.634516666666667,0.8997,1
29,0.41481,0.32814,18.01297,1.03457,5.76907,0.82051,0.17777,0.0413,0.0019,0.00153,86.98418000000001,16.37951,0.74886,1.15124,0.59941,0.48917,19.37672,0.6434599999999999,3.31445,0.87163,0.12935000000000002,0.012620000000000001,0.00138,0.0019099999999999998,91.425,7.263330000000001,0.83682,1.18567,0
30,0.54271,0.41866000000000003,13.12474,0.84881,6.87488,0.88574,0.30663,0.06006,0.00405,0.0015800000000000002,84.09360000000001,14.78829,1.55142,1.46844,0.64821,0.47773000000000004,14.083879999999999,0.48029,3.4192499999999995,0.48797000000000007,0.049909999999999996,0.00824,0.00125,0.00133,84.20491,11.83227,2.03471,2.37228,0
31,0.35026999999999997,0.27369000000000004,30.407490000000003,1.909,6.2964,1.37942,0.90205,0.14442,0.00393,0.0018800000000000002,90.56314,11.27873,0.50842,0.43484999999999996,0.52397,0.44274,30.44001,1.5365600000000001,4.62449,2.47517,0.65455,0.06357,0.00477,0.0035000000000000005,86.45652,12.14042,1.24181,0.9012399999999999,0
32,0.38119000000000003,0.30095,14.768510000000001,2.13387,14.575899999999999,1.53234,1.6146999999999998,0.25743,0.00854,0.00476,91.33037999999999,10.22311,0.43685999999999997,0.24035,0.37568999999999997,0.29029,13.718430000000001,3.3568599999999997,25.01063,2.51704,3.3524299999999996,1.55136,0.014499999999999999,0.008900000000000002,87.27806000000001,20.822390000000002,0.34287999999999996,0.17463,0
33,0.36235,0.2945,39.95337,1.81483,4.54601,2.30619,0.53148,0.08349999999999999,0.00834,0.00225,88.86945,9.19889,1.2776299999999998,0.5716600000000001,0.43271,0.36721,41.195260000000005,1.19723,2.88598,2.59284,0.42241,0.03012,0.00492,0.00303,91.29484,6.6420699999999995,1.0193999999999999,0.7155400000000001,0
34,0.3544,0.24833,17.65309,2.39311,14.414629999999999,2.01561,2.21572,0.23790999999999998,0.01209,0.006470000000000001,91.78412,8.196110000000001,0.67528,0.45102000000000003,0.46724,0.38442,20.3036,1.3029499999999998,6.52046,2.0294499999999998,0.49062,0.03027,0.0052,0.00537,91.60467,5.10199,0.92208,0.9709099999999999,0
35,0.4145,0.2874,18.30905,0.94062,5.1692,0.8228,0.19759,0.030569999999999996,0.0015800000000000002,0.00143,91.35452000000001,7.94241,0.53033,0.7002200000000001,0.54112,0.38903999999999994,19.40994,0.54972,2.85882,1.2537800000000001,0.05765,0.0026,0.00065,0.00098,90.73638,4.1823,1.16993,1.72655,0
36,0.338575,0.2291375,23.19845,1.1479625,4.9605625,0.961575,0.396425,0.134875,0.0014624999999999998,0.00075,91.97385,6.2264625,0.280125,0.1955125,0.24531250000000002,0.2125,20.4088125,0.5931125,2.9201125,2.3702625,0.1078625,0.0059625,0.00085,0.0005625,89.0174625,5.0078625,0.75295,0.4395125,1
37,0.5709500000000001,0.43963,25.15147,0.8362,3.3772100000000003,0.71499,0.10028000000000001,0.017249999999999998,0.00233,0.00177,88.92681,9.45609,1.55544,1.42748,0.69295,0.56884,24.74999,0.43777999999999995,1.7668700000000002,0.87432,0.0669,0.00618,0.0014399999999999999,0.0014,86.23289,9.27487,2.3058199999999998,2.25659,0
38,0.6492899999999999,0.49226000000000003,7.950919999999999,0.25131000000000003,3.1493100000000003,0.17785,0.01106,0.00245,0.00053,0.00155,77.44679,14.18659,2.89147,8.74926,0.7051499999999999,0.52209,7.8881,0.17018,2.15274,0.16625,0.00501,0.0016399999999999997,0.00045,0.0012000000000000001,72.10199,16.05641,4.19684,10.88677,0
39,0.4232125,0.2927875,15.5347875,0.9661625,6.6180625,0.9245875000000001,0.177625,0.010675,0.0014875,0.00065,87.16703749999999,7.1139,1.239225,0.5795374999999999,0.3265,0.2609375,15.929287500000001,0.9228999999999999,6.2191624999999995,0.8410625,0.3912,0.0104875,0.0015375,0.0007875,81.6642875,9.397175,2.3389875,1.4048375,1
40,0.5230571428571429,0.3756285714285714,13.992314285714286,1.0399571428571428,7.9202714285714295,0.8460714285714286,0.4418428571428571,0.1177,0.0036999999999999997,0.0008142857142857143,83.52401428571429,13.469028571428572,1.634642857142857,0.8277142857142857,0.3473857142857143,0.2835571428571429,14.053728571428573,0.6648285714285714,4.699485714285714,0.6784142857142857,0.14438571428571428,0.03828571428571429,0.002085714285714286,0.0008428571428571428,83.44468571428571,14.544428571428572,1.736357142857143,0.753,1
41,0.64922,0.52694,30.828699999999998,0.78112,2.5201599999999997,0.63256,0.33548999999999995,0.08245000000000001,0.00347,0.0018700000000000001,86.31403,13.07022,1.4687899999999998,1.40058,0.75126,0.67066,29.04602,0.50205,1.7311599999999998,1.5072699999999999,0.062490000000000004,0.01517,0.0016099999999999999,0.0019,80.64095999999999,16.814159999999998,1.8781199999999998,2.34129,0
42,0.44467999999999996,0.35304,30.30486,1.68994,5.59061,1.0929300000000002,0.3256,0.059309999999999995,0.006720000000000001,0.00438,84.38107,13.715399999999999,2.07856,1.25571,0.8114100000000001,0.76231,28.926440000000003,0.78331,2.7108,1.30693,0.16294,0.08604999999999999,0.02423,0.0069500000000000004,76.32598,18.57658,4.98124,2.01937,0
43,0.7193,0.6375,20.55375,0.6774,3.2925,1.05825,0.2131,0.0135,0.00355,0.0036,92.20599999999999,4.10435,1.01,1.03115,0.7706999999999999,0.59865,21.448349999999998,0.50325,2.34255,1.5321,0.09634999999999999,0.0107,0.0032,0.00315,87.8844,5.76225,1.99845,1.85115,1
44,0.54997,0.34136,17.66216,0.32559,1.84006,0.30807,0.029610000000000004,0.00377,0.00066,0.0009599999999999999,86.07899,9.32263,2.0398,3.7852400000000004,0.62777,0.42323000000000005,16.73705,0.20475,1.22898,0.7095499999999999,0.01069,0.0016,0.00067,0.00097,81.25595,9.25152,3.70944,5.251060000000001,0
45,0.42535999999999996,0.32324,13.49791,1.48264,10.15446,1.2865,0.8573000000000001,0.00994,0.0021699999999999996,0.00281,86.53481,3.67492,1.03538,1.32723,0.70435,0.5093099999999999,12.96396,0.48568,3.64287,0.71136,0.06055000000000001,0.00282,0.00108,0.00124,85.33827,5.73397,2.62557,3.11862,1
46,0.53117,0.39759,15.81986,0.90221,5.71893,0.62169,0.17651,0.10205,0.00835,0.00219,82.02998,16.83074,2.37526,1.6029499999999999,0.66734,0.50117,16.21382,0.30719,1.87893,0.65179,0.01938,0.0025499999999999997,0.00101,0.00101,83.68786,8.69007,3.49932,3.69679,0
47,0.72109,0.53447,11.61318,0.316,2.73006,0.27432,0.01258,0.00679,0.00172,0.0013,72.89,22.83555,5.0932900000000005,4.17346,0.68288,0.51109,11.0529,0.29415,2.68825,0.59704,0.02049,0.006070000000000001,0.00138,0.00134,74.93854999999999,20.46268,4.08528,4.16017,0
48,0.36357,0.27357,19.79936,1.64818,8.4911,1.6743400000000002,1.5457899999999998,0.22336,0.00783,0.00397,92.25717999999999,8.81296,0.56794,0.41776,0.54145,0.39102,19.02277,0.89408,4.981809999999999,2.0976299999999997,0.26058,0.00524,0.00124,0.00128,88.05279,7.07681,1.6942799999999998,1.49063,0
49,0.78192,0.64638,27.83623,0.4131,1.48527,0.31293,0.05433,0.00898,0.00091,0.00199,85.52597,12.55758,1.35787,3.11117,0.82032,0.71434,27.801920000000003,0.30871,1.11536,0.52458,0.02853,0.00492,0.00118,0.00222,80.0298,11.37923,2.94513,5.559130000000001,0
50,0.6554599999999999,0.53232,26.38417,0.59867,2.27025,0.43838,0.10230999999999998,0.020829999999999998,0.00176,0.0013599999999999999,87.13252,14.137049999999999,1.37576,0.9349000000000001,0.61605,0.53435,25.57524,0.64258,2.5070799999999998,1.08352,0.13677999999999998,0.01457,0.00238,0.00179,89.67373,7.36272,1.39451,0.97198,0
51,0.46663,0.37585999999999997,49.81757,1.4621400000000002,2.92058,1.41696,0.46157000000000004,0.18081999999999998,0.009130000000000001,0.00297,89.49755,12.47222,1.05082,0.59204,0.69984,0.63477,46.70758,0.64968,1.39805,1.6499,0.11752,0.01667,0.00312,0.00197,87.26425,11.139750000000001,2.0822700000000003,1.26774,0
52,0.48036,0.42295999999999995,23.65941,4.22978,18.10464,3.39606,3.2834899999999996,2.79534,0.61812,0.034710000000000005,68.22408,30.187009999999997,6.56649,0.39720999999999995,0.4147,0.3715,25.51903,4.155340000000001,16.408549999999998,3.62335,5.39121,1.59395,0.46620999999999996,0.02233,79.37228,14.88749,5.52994,0.25729,1
53,0.62056,0.42442,26.73902,0.37882000000000005,1.41586,0.30993,0.025509999999999998,0.006619999999999999,0.0007199999999999999,0.00097,80.48688999999999,16.82581,1.90442,2.47087,0.59334,0.36332,26.361439999999998,0.29973,1.13865,0.46584000000000003,0.02515,0.00269,0.00056,0.00091,87.37195,7.9624,1.62454,2.62697,0
54,0.63685,0.387225,35.1474875,0.317875,0.904,0.2743125,0.027025,0.0042125,0.00085,0.0005625,85.8216875,9.662125,2.025175,1.4901,0.388775,0.3253875,32.8451375,0.4180125,1.275675,1.4245125,0.059025,0.0076875,0.001475,0.000625,85.6248625,9.835675,1.8035625,0.7791250000000001,1
55,0.23729,0.19045,27.36434,2.3310500000000003,8.538070000000001,1.9071500000000001,1.9591699999999999,0.26222,0.0214,0.00377,92.43127,7.5725999999999996,0.82165,0.13756,0.20855,0.17972000000000002,27.891769999999998,1.61035,5.79619,1.83876,0.95533,0.04375,0.0098,0.00228,91.941,4.35518,1.10733,0.24586999999999998,1
56,0.29196,0.1958,28.370889999999996,2.33566,8.40585,2.18014,3.44898,0.09617,0.00419,0.0027400000000000002,89.22055,8.1859,0.64929,0.50619,0.29285,0.22339000000000003,27.638189999999998,0.7788200000000001,2.6835999999999998,1.9272300000000002,0.22715999999999997,0.01691,0.00182,0.00092,86.68351,7.94188,1.0775299999999999,0.78152,1
57,0.59008,0.50358,45.32956,1.1789999999999998,2.58983,1.0421099999999999,0.34786,0.0633,0.013819999999999999,0.00476,84.52610999999999,11.56221,2.69976,1.5920299999999998,0.6689,0.60518,44.32054,0.8513,1.92244,1.5265499999999999,0.27867000000000003,0.02436,0.00446,0.0032500000000000003,85.89979000000001,11.0089,1.7819200000000002,1.1898199999999999,0
58,0.75968,0.6397700000000001,23.35434,0.45434,1.9441099999999998,0.67018,0.03675,0.01747,0.00334,0.00205,73.49386,22.15908,4.19383,2.8304400000000003,0.75678,0.61128,23.46994,0.35761,1.51935,0.46312999999999993,0.02509,0.010830000000000001,0.0021000000000000003,0.0015400000000000001,70.52914,22.99086,4.46284,3.15338,0
59,0.42912,0.32931,34.49857,1.6256,4.71636,1.1503700000000001,0.39875,0.07182,0.00732,0.0035299999999999997,89.19095,12.701130000000001,1.45771,0.71241,0.5933900000000001,0.50031,33.40149,0.6752900000000001,2.00988,1.44552,0.07425000000000001,0.01097,0.00211,0.00173,85.716,10.22864,2.45067,1.62032,0
60,0.56351,0.46093,34.97667,1.28245,3.6770699999999996,1.49138,0.37153,0.13441999999999998,0.00925,0.00444,83.00965,17.76286,1.33016,0.7006600000000001,0.5165,0.42777000000000004,36.57029,1.4166699999999999,3.8815,1.973,0.45181000000000004,0.09029000000000001,0.010879999999999999,0.00488,83.78244,14.361250000000002,1.63535,0.69249,0
61,0.6955857142857143,0.6102142857142858,50.50454285714285,0.7763142857142856,1.5367285714285714,0.6357285714285714,0.2158142857142857,0.04972857142857142,0.006728571428571429,0.0030428571428571427,86.97125714285714,12.225657142857143,1.7272571428571428,0.8297142857142857,0.6249285714285715,0.5625571428571429,47.09811428571429,0.8845428571428572,1.8841571428571429,2.2057857142857142,0.19935714285714284,0.04272857142857143,0.005514285714285714,0.0028,82.1617,13.140671428571428,1.7852428571428571,0.9426285714285714,1
62,0.47628333333333334,0.28121666666666667,14.856083333333332,0.46241666666666664,3.115683333333333,0.4211666666666667,0.08686666666666666,0.007816666666666666,0.0005,0.0005166666666666667,91.54993333333334,4.8616166666666665,0.5091833333333333,0.65395,0.4499333333333333,0.3219166666666667,13.98015,0.30893333333333334,2.2215333333333334,0.6323,0.037116666666666666,0.0020833333333333333,0.00035,0.0004833333333333333,87.89983333333333,6.2113499999999995,1.1585500000000002,1.7968166666666665,1
63,0.65075,0.58821,18.79618,2.13994,10.567060000000001,4.81558,4.30491,0.10812999999999999,0.06558,0.00651,72.22058,8.40044,14.64373,1.30783,0.58545,0.5623400000000001,16.76601,0.96057,6.11505,3.10607,0.14567,0.02595,0.09323000000000001,0.00568,64.12575000000001,7.29353,23.34938,1.52403,1
